{
  "indexes": [],
  "fieldOverrides": [
    {
      "collectionGroup": "studyRooms",
      "fieldPath": "visibility",
      "indexes": [
        {
          "order": "ASCENDING",
          "queryScope": "COLLECTION"
        }
      ]
    },
    {
      "collectionGroup": "studyRooms", 
      "fieldPath": "createdAt",
      "indexes": [
        {
          "order": "DESCENDING",
          "queryScope": "COLLECTION"
        }
      ]
    },
    {
      "collectionGroup": "studyRooms",
      "fieldPath": "hostId", 
      "indexes": [
        {
          "order": "ASCENDING",
          "queryScope": "COLLECTION"
        }
      ]
    },
    {
      "collectionGroup": "sessions",
      "fieldPath": "startedAt",
      "indexes": [
        {
          "order": "DESCENDING", 
          "queryScope": "COLLECTION"
        }
      ]
    }
  ]
}
